{"cameraMode":{"drawMode":0,"name":"Shaded","section":"Shading Mode"},"sceneLighting":true,"audioPlay":false,"sceneViewState":{"showFog":false,"showMaterialUpdate":false,"showSkybox":false,"showFlares":false,"showImageEffects":false,"showParticleSystems":true},"in2DMode":false,"pivot":{"x":7.295037746429443,"y":-13.798316955566407,"z":-57.51383972167969},"rotation":{"x":0.11782978475093842,"y":0.8668631911277771,"z":-0.24411696195602418,"w":0.4184153378009796},"size":12.512267112731934,"orthographic":false}