{"cameraMode":{"drawMode":0,"name":"Shaded","section":"Shading Mode"},"sceneLighting":true,"audioPlay":false,"sceneViewState":{"showFog":true,"showMaterialUpdate":false,"showSkybox":true,"showFlares":true,"showImageEffects":true,"showParticleSystems":true},"in2DMode":false,"pivot":{"x":-6.460000038146973,"y":4.039999961853027,"z":12.819999694824219},"rotation":{"x":0.0018522292375564576,"y":0.9981468319892883,"z":-0.04375722259283066,"w":0.04224712401628494},"size":3.7770230770111086,"orthographic":false}